{
  "Author": "Astesia",
  "Name": "Auto VaultOneiron",
  "InternalName": "AutoVaultOneiron",
  "AssemblyVersion": "1.0.4.1",
  "Description": "自动G18挖宝插件",
  "Punchline": "羊来",
  "_PunchlineNote": "可选：Dalamud 插件列表中的短描述。",
  "ApplicableVersion": "any",
  "DalamudApiLevel": 14,
  "RepoUrl": "https://github.com/Arcadia7/AutoVaultOneiron",
  "IconUrl": "https://raw.githubusercontent.com/Arcadia7/AutoVaultOneiron/main/icon.png",
  "Changelog": "洞外宝箱测试中，自动上传新版本脚本测试",
  "DownloadLinkInstall": "https://github.com/Arcadia7/AutoVaultOneiron/releases/latest/download/AutoVaultOneiron.zip",
  "DownloadLinkTesting": "https://github.com/Arcadia7/AutoVaultOneiron/releases/latest/download/AutoVaultOneiron.zip",
  "DownloadLinkUpdate": "https://github.com/Arcadia7/AutoVaultOneiron/releases/latest/download/AutoVaultOneiron.zip"
}
